,V11,V12,V13,V14,V15,V16,V17,V18,V19,V20
11,0.27804203536817,2.59586479566566,-0.503754781877011,-0.106436885865959,-0.662679076143142,-0.648775717607349,0.582416165438851,-0.674878089316012,-1.1570906305618,1.26967712313152
64,0.138917952114588,-1.07623037834971,-0.234374266278744,0.326369836218506,0.0302377308696086,-0.250941248114704,0.140015917102136,-1.36766064951597,-0.668040374390674,1.29344402995383
75,0.20555524562753,-0.0223737412716719,1.63826888649675,1.33068438653216,-1.11571225574547,-0.829809715706263,-0.816007424302463,-1.56334161757356,2.3778242367878,-0.437209491979468
32,-0.259292000108612,-0.174501295627651,1.13297476078391,-1.44486969826521,-0.41947180820195,0.224023350854569,0.215749726371476,-0.709449281127696,0.480526145728122,-0.347483357733889
46,-2.62672865043109,0.14967060849362,1.08865500052548,3.17597671284657,2.01391566179449,0.338887912905914,0.543691931712799,0.885672881765152,0.0131108456162448,-0.0942727345313515
40,-0.753685857447483,-0.639676713900209,0.117947379977054,-0.0127004150448662,1.2058668554003,-1.22858982796977,-1.37308696185169,2.88610155636482,-0.385721611239382,-0.782075013295651
16,-0.980580801510718,-0.436300117895903,-0.725124135922363,-0.0856848964689651,1.04521342947788,-0.255282442147732,0.533477731355287,-0.667507506137139,-0.15728355556586,-0.674997824871513
27,2.40206276608888,-0.53556653208187,-0.221696631046918,-0.230401522285714,0.0783563377740425,0.155053497798308,-0.722653812130004,0.57452297489266,0.622779155291718,-0.844382004626126
35,-0.991967202631023,0.485547506052777,-0.852757541191994,-1.41140075210427,-0.30397316812574,-0.195407554891534,1.10472317252911,-0.0202499669802048,-0.233638969165045,1.60953255077115
36,-0.419696224586372,1.63140770789346,0.247614767605289,1.31890190262945,-0.172052435534743,-1.11852650238052,0.14932669540637,1.964304094294,-1.15089666014195,2.18984021476987
79,1.53293920231528,-0.668479665355487,-0.100400018858667,0.856024752053338,-0.338384528962277,0.232698436659845,0.477459418323554,-0.378511720650528,1.14871982698495,-1.07724431565746
50,-0.16159599049634,-1.27468475001491,0.116922965504472,-0.0848938209777286,-0.124448830908552,0.274408950228649,0.873293483682601,-1.23077697808479,-0.103666490549474,-0.767870786735594
70,0.180238338788782,-0.363496030081002,-0.846800010912714,0.325714988228781,0.596895419740907,-0.0395115895238171,-0.932677929469156,0.950914936664085,-0.459684713614927,0.276179946178012
57,0.420046744992133,-0.338615913962393,-0.333024435205542,-1.65500898419406,0.159124724874539,-0.598415676145996,-1.2688185363008,-0.841091554805351,0.906015784790038,0.30320219191601
58,-0.138953310007664,-0.31451849689429,-1.06501109109003,0.516450220038754,-1.61824875036459,-0.967924676077471,-0.494462922073156,0.339460903934828,0.302310351525054,-0.604564217202858
67,-0.965978747900115,-0.133946650313814,0.810018313052423,0.906431317568946,0.909066949716412,-0.707777984700475,-0.50067010760931,1.56029486737204,-0.339252186287102,-0.74130604808845
54,0.712579886817834,-1.20200395131059,-0.29225975758318,-0.777840101958279,0.659899638853185,-0.280303638706467,-0.130795598393551,-0.685447040916569,0.634203661951557,0.488002796505592
18,0.590168222599886,-1.12068731081512,-0.256336416868787,0.0623107492087413,1.35854286192665,-0.078326756693806,-1.58791089295692,-0.799024076661988,0.131072945435574,0.168922883171145
80,0.760790743735193,0.772385225869933,-0.801756816981942,1.48297239348557,-1.82342770438266,2.0400627463816,0.359602787603917,-1.10845721744194,0.318861239378409,1.72004397511446
47,0.249708397797827,-0.374963785381861,-0.956537880619822,-0.157321442614942,1.42793345035024,-0.558333566730874,-0.811385836655746,-1.16339090761327,1.0480800133319,0.123019671722141
84,0.781970676253863,-0.623467931892463,0.786072118622203,-0.265619916360817,1.09752879335831,0.161559812152266,-0.338115595301109,-0.249652571271803,1.30380018149055,-0.994646689331764
28,-0.0108132974000202,1.4239775153746,-0.977823836676581,-1.12000056654542,-0.946878479065686,-0.18855438315058,-0.358359624168525,-0.194668741078849,-1.16169298167775,1.08503488638108
73,0.475335028692795,-0.598331897468556,-0.330356098693957,0.437328331178116,-0.785590679476027,-0.17817056832305,0.830340988918063,-1.15024221659023,0.195291041275632,-0.604672728500047
78,1.20422772649522,1.87250329966824,-0.436738639838698,-0.39666599290303,-1.55127628522096,-1.07767035332284,-1.55768620140562,0.505575501775892,-0.885896928311738,1.00844155183322
49,-0.0606708675228773,-1.21956330948424,-1.11173869775042,-0.64432759065185,0.670830647474139,-0.0364519422574784,-1.60056494743112,0.590605210279503,-0.129601097120866,-0.569793678297964
30,-0.403929057817657,1.26749561379492,3.85295174949098,-0.548540537439577,0.837055306651575,-0.266184717490558,1.34231702681399,1.43814247553377,-0.390724308315217,0.204190032337052
76,-0.789379600089812,-0.59279135955972,0.760390223254249,1.14418654700606,0.31215202434565,0.574834912061793,0.322144573898118,-1.510627506106,1.78337558327797,-0.970167127233321
37,0.16163840652396,1.67410496850785,-1.06243453347717,-0.849137274328561,-1.0701106798433,-0.788990077952478,-0.554150234872299,0.841188795818962,-0.763459416339337,0.66620571871019
48,-0.375899037668489,0.795989486495711,-0.898290672479218,-0.877116491174193,0.33053010233442,-1.64684506973048,1.35348996077907,0.424910799943606,-0.805095396166303,1.32103327165912
15,0.528568286104307,0.419722329103491,-1.37089801334756,-0.261726677764973,-1.12572922058782,-0.586410759425562,-1.25182559767955,0.52576710034352,-0.554752232281752,0.405285905510914
33,0.789556624826329,0.170272966078434,-0.521167128531518,-0.99457327695154,-0.707167087516531,-0.940183387378612,1.42104995147109,0.78084139570711,-0.508032184248899,1.75461019995527
43,0.139755517414387,-0.476417647272226,-0.0652756944390951,-0.833934763151054,0.953155919589439,-0.483598578789714,-0.573570736153729,-0.162358793622703,1.83463288552274,0.81839330180837
86,-0.106538037253121,0.418803264824613,0.734118513492991,0.0525047590560446,1.31580790466595,-0.289314628507572,1.00057766154329,-0.183654885061056,-0.59454596972425,-0.715763857340951
7,0.0561964135408679,-0.0039812475931796,0.681077058475899,-0.951343749805066,0.558248079900553,0.602860988931028,-0.0485657543601353,-1.01608093647404,-0.494859825715459,0.92653702919858
59,-0.411814136854336,-0.839068830012556,-0.541355786872587,0.425598426311082,0.16335729326724,1.69449785954398,-0.589180885917923,0.122017047899533,0.258161631201966,-0.241258618419205
88,-1.18781390016117,-1.696105610149,0.128160481840061,-0.585341082497153,0.750715686296062,0.843883059328215,-0.326100696565282,-0.422514179910122,-0.87075538843095,-1.4065399321958
42,0.563829785225846,0.972720690479907,0.958845895480085,-0.0462362799784882,0.475852831298593,-0.36572183416709,-0.343376338686205,-0.530286272306845,0.957504181044164,0.785628755532604
29,1.00298022843369,-1.40102993612485,-0.622964773808857,0.591439874686861,0.364005250420114,0.727817275378746,0.56335826212438,-1.32380649172879,-0.305896532654618,0.0127340681865013
51,0.867513015105122,1.17174667529417,0.997819534887539,1.46243311018743,-0.644362389154429,-0.300939827667505,0.922293375048698,-0.140424299655491,-0.338409181379724,-0.736469963519105
1,0.439635303441183,0.501862765019662,0.200498450314985,-1.31581923512234,-0.52305377304521,-0.746618709783187,-0.987196684807004,0.907724604515318,-1.32520989494754,-0.366098421887819
60,0.58125413476631,-0.904856646625304,1.54760753082846,-0.838078947144419,0.97091156104987,0.335923195029697,0.0538773898994237,-0.930967190469393,-0.489580466797439,-1.30755318967745
63,1.38903202293891,-0.396593552221516,-1.37610916522982,0.641832100465466,0.0532508293625502,-0.171886972922849,0.123711300045289,-1.35953090403785,0.762219978600585,-0.840755185593929
2,0.330991118838681,0.14199492735154,0.687744525530645,0.607966421580815,0.309157507787398,-0.296598633634477,-0.195036895828623,0.31727006027959,-0.770906502162047,-0.937089755596288
66,-0.206353386204349,0.175056957172341,-1.04633003612956,-0.230537749787226,-0.763936709512087,-0.231655977397755,-0.185351228100921,-0.550220108791471,-0.706548447978293,1.99497738691927
22,-0.988567584905231,0.0948779389245042,-1.19482694458386,3.42547140697538,-1.18405237594589,1.89223577917452,1.0842517517163,-1.30581611073025,0.719174650801052,-0.987376432420055
26,1.3862127183137,0.433726851255395,-0.673287953795937,-0.960796026445064,0.36230676608525,-1.11465265303734,0.655538040200398,0.19940005000659,0.246463717545141,-0.759676717428891
14,-1.1101925360023,-0.872495123114621,1.20351089352643,-0.0549643998999233,0.276277511341129,-0.606853438475959,-0.607833171167653,0.992649089593264,1.64471592281764,-1.40852246292283
39,1.11583168301536,2.69897558848157,-0.728876273252766,0.178266642513292,-1.02992515439046,-0.87944683335051,-0.855419979592918,0.596864238612774,-0.975105725614543,-1.17593680682037
44,-1.13620043421338,1.64359091363906,0.751781902429317,-1.10900676817779,0.495509888455178,-1.13142594604636,-1.61611978564102,1.98170338799536,-0.818622532826784,0.590656438805555
20,-1.49195180834605,0.0385161352207228,-0.959052352507068,0.119822654408475,1.74745825788792,-0.258608621932497,-1.7607902287312,1.21862734226712,-0.37022203838635,1.29756745924704
38,1.30892488462242,-1.13777406073155,-0.864576773782765,-0.214888316806515,-0.0935197040195933,-0.357740463135804,-1.72751725596611,-0.971332732667457,-0.191182768347117,-0.131479400937118
83,-1.18753271752481,-1.2083458684382,0.383768763870186,0.820799188109733,-1.28510366734243,-0.658440259748159,-0.392462270247854,1.08568919619958,-0.778288491080711,0.913555754285229
10,0.95053517979538,-0.684434397074763,-0.206007838122958,-0.576753969989562,1.86950186069224,-0.735672620875689,-0.525320623634574,-0.468753166613185,-0.446385416118603,-0.604962091959221
41,0.82362010643869,0.16388248051332,-0.0745696576251222,-0.707427213369741,1.03498159613533,-0.119263230620053,-1.2722109782968,-0.778082496362448,-0.419848663184796,1.23214296767568
74,0.558533680356938,-0.1264278825852,-0.637718231779589,-0.73372629103006,0.328340489999115,-0.263796878215874,-0.59830114664629,-1.05179758061073,4.3531279479642,-0.975953418837518
19,0.137972699847673,-0.818978309038336,-0.755629822232353,-0.194408782412543,-0.915006318203656,-0.567899528351172,1.32708791220152,-1.13733080792305,-1.06531701523963,0.274206213664265
21,-0.249118573020695,-0.216817480809336,0.884575171373097,1.57010302546142,-1.10161961062167,-0.779219653030374,-0.14703261243961,-0.247980295620987,0.907138706384809,1.4003951106542
0,0.272995704436882,1.82751585042397,0.0003610647389043,-1.07022494945787,-1.66406860537807,0.188935987812183,1.65343837392516,-0.52909350475016,-1.25638293830112,2.61874724696985
72,-0.820321655308102,-1.37949543814337,-0.471282597692777,0.497662774610932,0.505724668742154,0.509830186608451,-1.43807803813371,1.07333497735018,-0.33690218805109,-0.387388142880587
56,0.086326329548816,-0.339831992916759,-1.04973530321035,0.382027135432743,-0.983564717515382,5.10522321960869,0.722612518360391,-0.959652226221298,1.31940065454485,-0.442202966808703
3,-4.83671798091456,1.80639605217808,-0.211961319333177,0.684456968701721,-0.973950204784503,-0.527693280502812,-0.772723060212233,1.42339424720115,-0.892256895836903,0.213674506258984
24,-0.628450401647353,-0.540060980567596,0.897951945862891,0.411870518088539,2.12688021781286,0.374059251947256,-0.0290592128831536,2.15142312401101,-0.305737045239709,-0.99587941677101
